date,total_cases,total_deaths,total_vaccinations,positive_rate
2020-01-01,0.0,0.0,0.0,
2020-01-02,0.0,0.0,0.0,
2020-01-03,0.0,0.0,0.0,
2020-01-04,0.0,0.0,0.0,
2020-01-05,0.0,0.0,0.0,
2020-01-06,0.0,0.0,0.0,
2020-01-07,0.0,0.0,0.0,
2020-01-08,0.0,0.0,0.0,
2020-01-09,0.0,0.0,0.0,
2020-01-10,0.0,0.0,0.0,
2020-01-11,0.0,0.0,0.0,
2020-01-12,0.0,0.0,0.0,
2020-01-13,0.0,0.0,0.0,
2020-01-14,0.0,0.0,0.0,
2020-01-15,0.0,0.0,0.0,
2020-01-16,0.0,0.0,0.0,
2020-01-17,0.0,0.0,0.0,
2020-01-18,0.0,0.0,0.0,
2020-01-19,0.0,0.0,0.0,
2020-01-20,0.0,0.0,0.0,
2020-01-21,0.0,0.0,0.0,
2020-01-22,0.0,0.0,0.0,
2020-01-23,0.0,0.0,0.0,
2020-01-24,0.0,0.0,0.0,
2020-01-25,0.0,0.0,0.0,
2020-01-26,0.0,0.0,0.0,
2020-01-27,0.0,0.0,0.0,
2020-01-28,0.0,0.0,0.0,
2020-01-29,0.0,0.0,0.0,
2020-01-30,0.0,0.0,0.0,
2020-01-31,0.0,0.0,0.0,
2020-02-01,0.0,0.0,0.0,
2020-02-02,0.0,0.0,0.0,
2020-02-03,0.0,0.0,0.0,
2020-02-04,0.0,0.0,0.0,
2020-02-05,0.0,0.0,0.0,
2020-02-06,0.0,0.0,0.0,
2020-02-07,0.0,0.0,0.0,
2020-02-08,0.0,0.0,0.0,
2020-02-09,0.0,0.0,0.0,
2020-02-10,0.0,0.0,0.0,
2020-02-11,0.0,0.0,0.0,
2020-02-12,0.0,0.0,0.0,
2020-02-13,0.0,0.0,0.0,
2020-02-14,0.0,0.0,0.0,
2020-02-15,0.0,0.0,0.0,
2020-02-16,0.0,0.0,0.0,
2020-02-17,0.0,0.0,0.0,
2020-02-18,0.0,0.0,0.0,
2020-02-19,0.0,0.0,0.0,
2020-02-20,0.0,0.0,0.0,
2020-02-21,0.0,0.0,0.0,
2020-02-22,0.0,0.0,0.0,
2020-02-23,0.0,0.0,0.0,
2020-02-24,0.0,0.0,0.0,
2020-02-25,0.0,0.0,0.0,
2020-02-26,0.0,0.0,0.0,
2020-02-27,0.0,0.0,0.0,
2020-02-28,0.0,0.0,0.0,
2020-02-29,0.0,0.0,0.0,
2020-03-01,0.0,0.0,0.0,
2020-03-02,0.0,0.0,0.0,
2020-03-03,1.0,0.0,0.0,
2020-03-04,1.0,0.0,0.0,
2020-03-05,2.0,0.0,0.0,
2020-03-06,5.0,0.0,0.0,
2020-03-07,5.0,0.0,0.0,
2020-03-08,7.0,0.0,0.0,
2020-03-09,11.0,0.0,0.0,0.13712291
2020-03-10,21.0,0.0,0.0,0.15598933
2020-03-11,21.0,0.0,0.0,0.15116382
2020-03-12,31.0,0.0,0.0,0.15530461
2020-03-13,55.0,0.0,0.0,0.17384686
2020-03-14,86.0,0.0,0.0,0.20866899
2020-03-15,103.0,0.0,0.0,0.24097656
2020-03-16,103.0,0.0,0.0,0.27748412
2020-03-17,133.0,0.0,0.0,0.31922144
2020-03-18,171.0,0.0,0.0,0.3861452
2020-03-19,238.0,0.0,0.0,0.47959638
2020-03-20,274.0,0.0,0.0,0.5641813
2020-03-21,344.0,0.0,0.0,0.6375458
2020-03-22,392.0,0.0,0.0,0.70398027
2020-03-23,511.0,0.0,0.0,0.81179184
2020-03-24,562.0,0.0,0.0,0.9095519
2020-03-25,767.0,1.0,0.0,1.0426812
2020-03-26,900.0,2.0,0.0,1.1611727
2020-03-27,1012.0,3.0,0.0,1.2956555
2020-03-28,1104.0,3.0,0.0,1.4281526
2020-03-29,1203.0,4.0,0.0,1.5760962
2020-03-30,1299.0,8.0,0.0,1.6815622
2020-03-31,1453.0,8.0,0.0,1.8114148
2020-04-01,1563.0,10.0,0.0,1.8403769
2020-04-02,1720.0,16.0,0.0,1.8503547
2020-04-03,1885.0,21.0,0.0,1.8475703
2020-04-04,2039.0,25.0,0.0,1.8469937
2020-04-05,2179.0,29.0,0.0,1.8391933
2020-04-06,2402.0,34.0,0.0,1.8738058
2020-04-07,2605.0,38.0,0.0,1.9030855
2020-04-08,2795.0,41.0,0.0,2.0068355
2020-04-09,2932.0,41.0,0.0,2.1143572
2020-04-10,3287.0,44.0,0.0,2.2762942
2020-04-11,3651.0,47.0,0.0,2.480266
2020-04-12,4033.0,52.0,0.0,2.7389858
2020-04-13,4462.0,59.0,0.0,3.0051987
2020-04-14,4934.0,65.0,0.0,3.3021748
2020-04-15,5369.0,73.0,0.0,3.619056
2020-04-16,5862.0,79.0,0.0,4.008736
2020-04-17,6380.0,83.0,0.0,4.358263
2020-04-18,7142.0,87.0,0.0,4.759576
2020-04-19,8274.0,92.0,0.0,5.244454
2020-04-20,9362.0,97.0,0.0,5.8238115
2020-04-21,10484.0,103.0,0.0,6.4877048
2020-04-22,11631.0,109.0,0.0,7.2070794
2020-04-23,12772.0,114.0,0.0,7.990026
2020-04-24,13930.0,121.0,0.0,8.863924
2020-04-25,15102.0,127.0,0.0,9.716254
2020-04-26,16299.0,136.0,0.0,10.451646
2020-04-27,17522.0,139.0,0.0,11.077468
2020-04-28,18811.0,144.0,0.0,11.559873
2020-04-29,20077.0,152.0,0.0,11.981217
2020-04-30,21402.0,157.0,0.0,12.284841
2020-05-01,22753.0,162.0,0.0,12.448377
2020-05-02,24097.0,169.0,0.0,12.473782
2020-05-03,25459.0,176.0,0.0,12.430809
2020-05-04,27011.0,184.0,0.0,12.372364
2020-05-05,28656.0,191.0,0.0,12.339331
2020-05-06,30251.0,200.0,0.0,12.190076
2020-05-07,31938.0,209.0,0.0,12.010111
2020-05-08,33731.0,219.0,0.0,11.892371
2020-05-09,35432.0,229.0,0.0,11.826392
2020-05-10,37136.0,239.0,0.0,11.752685
2020-05-11,39048.0,246.0,0.0,11.661514
2020-05-12,41014.0,255.0,0.0,11.573155
2020-05-13,42925.0,264.0,0.0,11.589759
2020-05-14,44830.0,273.0,0.0,11.591166
2020-05-15,46869.0,283.0,0.0,11.547183
2020-05-16,49176.0,292.0,0.0,11.3058605
2020-05-17,52016.0,302.0,0.0,11.254349
2020-05-18,54752.0,312.0,0.0,11.281701
2020-05-19,57345.0,320.0,0.0,11.311857
2020-05-20,59854.0,329.0,0.0,11.391875
2020-05-21,62545.0,339.0,0.0,11.590798
2020-05-22,65077.0,351.0,0.0,11.856238
2020-05-23,67719.0,364.0,0.0,12.682123
2020-05-24,70161.0,379.0,0.0,13.260465
2020-05-25,72560.0,390.0,0.0,13.715769
2020-05-26,74795.0,399.0,0.0,14.151105
2020-05-27,76726.0,411.0,0.0,14.409473
2020-05-28,78541.0,425.0,0.0,14.457303
2020-05-29,80185.0,441.0,0.0,14.322728
2020-05-30,81766.0,458.0,0.0,13.744106
2020-05-31,83384.0,480.0,0.0,13.207131
2020-06-01,85261.0,503.0,0.0,12.673175
2020-06-02,87142.0,525.0,0.0,12.073679
2020-06-03,89011.0,549.0,0.0,11.563605
2020-06-04,91182.0,579.0,0.0,11.151985
2020-06-05,93157.0,611.0,0.0,10.845662
2020-06-06,95748.0,642.0,0.0,10.637146
2020-06-07,98869.0,676.0,0.0,10.617037
2020-06-08,101914.0,712.0,0.0,10.698232
2020-06-09,105283.0,746.0,0.0,10.927833
2020-06-10,108571.0,783.0,0.0,11.223123
2020-06-11,112288.0,819.0,0.0,11.613569
2020-06-12,116021.0,857.0,0.0,12.273613
2020-06-13,119942.0,893.0,0.0,13.131954
2020-06-14,123308.0,932.0,0.0,13.86129
2020-06-15,127541.0,972.0,0.0,14.702765
2020-06-16,132048.0,1011.0,0.0,15.546013
2020-06-17,136315.0,1052.0,0.0,16.28579
2020-06-18,141234.0,1091.0,0.0,17.08297
2020-06-19,145991.0,1139.0,0.0,17.602793
2020-06-20,150292.0,1184.0,0.0,17.702328
2020-06-21,154233.0,1230.0,0.0,17.67788
2020-06-22,157612.0,1267.0,0.0,17.31548
2020-06-23,161005.0,1307.0,0.0,16.679964
2020-06-24,164144.0,1346.0,0.0,15.949856
2020-06-25,167267.0,1387.0,0.0,14.879351
2020-06-26,170639.0,1428.0,0.0,13.636015
2020-06-27,174577.0,1474.0,0.0,12.530965
2020-06-28,178504.0,1511.0,0.0,11.495981
2020-06-29,182493.0,1551.0,0.0,10.57107
2020-06-30,186436.0,1599.0,0.0,9.856058
2020-07-01,190823.0,1649.0,0.0,9.274572
2020-07-02,194225.0,1698.0,0.0,8.892316
2020-07-03,197608.0,1752.0,0.0,8.684237
2020-07-04,201801.0,1802.0,0.0,8.541633
2020-07-05,205929.0,1858.0,0.0,8.412372
2020-07-06,209509.0,1916.0,0.0,8.344241
2020-07-07,213716.0,1968.0,0.0,8.195393
2020-07-08,217108.0,2017.0,0.0,8.002133
2020-07-09,220144.0,2059.0,0.0,7.76581
2020-07-10,223327.0,2100.0,0.0,7.5566783
2020-07-11,226486.0,2151.0,0.0,7.322847
2020-07-12,229480.0,2181.0,0.0,7.0665145
2020-07-13,232259.0,2223.0,0.0,6.777566
2020-07-14,235111.0,2243.0,0.0,6.4824514
2020-07-15,237803.0,2283.0,0.0,6.2001853
2020-07-16,240474.0,2325.0,0.0,5.9359374
2020-07-17,243238.0,2370.0,0.0,5.632696
2020-07-18,245851.0,2407.0,0.0,5.3369417
2020-07-19,248416.0,2447.0,0.0,5.105837
2020-07-20,250920.0,2486.0,0.0,4.874055
2020-07-21,253349.0,2523.0,0.0,4.700914
2020-07-22,255825.0,2557.0,0.0,4.557305
2020-07-23,258156.0,2601.0,0.0,4.454975
2020-07-24,260394.0,2635.0,0.0,4.389618
2020-07-25,262772.0,2672.0,0.0,4.326823
2020-07-26,264973.0,2703.0,0.0,4.2577085
2020-07-27,266941.0,2733.0,0.0,4.192099
2020-07-28,268934.0,2760.0,0.0,4.1020064
2020-07-29,270831.0,2789.0,0.0,4.0050435
2020-07-30,272590.0,2816.0,0.0,3.8712087
2020-07-31,274219.0,2842.0,0.0,3.7294827
2020-08-01,275905.0,2866.0,0.0,3.60919
2020-08-02,277478.0,2887.0,0.0,3.4882717
2020-08-03,278835.0,2917.0,0.0,3.3857048
2020-08-04,280093.0,2949.0,0.0,3.2964332
2020-08-05,281435.0,2984.0,0.0,3.1943312
2020-08-06,282824.0,3020.0,0.0,3.1098998
2020-08-07,284226.0,3055.0,0.0,3.0124235
2020-08-08,285793.0,3093.0,0.0,2.8909326
2020-08-09,287262.0,3130.0,0.0,2.7590184
2020-08-10,288690.0,3167.0,0.0,2.6355622
2020-08-11,289947.0,3199.0,0.0,2.5159416
2020-08-12,291468.0,3233.0,0.0,2.4171958
2020-08-13,293037.0,3269.0,0.0,2.3301556
2020-08-14,294519.0,3303.0,0.0,2.2685091
2020-08-15,295902.0,3338.0,0.0,2.2246778
2020-08-16,297315.0,3369.0,0.0,2.2000525
2020-08-17,298542.0,3408.0,0.0,2.1720362
2020-08-18,299914.0,3436.0,0.0,2.1635256
2020-08-19,301323.0,3470.0,0.0,2.1626744
2020-08-20,302686.0,3506.0,0.0,2.1578736
2020-08-21,303973.0,3548.0,0.0,2.1496687
2020-08-22,305186.0,3580.0,0.0,2.147925
2020-08-23,306370.0,3619.0,0.0,2.1359546
2020-08-24,307479.0,3649.0,0.0,2.127543
2020-08-25,308654.0,3691.0,0.0,2.106505
2020-08-26,309768.0,3722.0,0.0,2.0719738
2020-08-27,310836.0,3755.0,0.0,2.032961
2020-08-28,311855.0,3785.0,0.0,1.9924334
2020-08-29,312924.0,3813.0,0.0,1.9566433
2020-08-30,313911.0,3840.0,0.0,1.9311268
2020-08-31,314821.0,3870.0,0.0,1.906864
2020-09-01,315772.0,3897.0,0.0,1.883084
2020-09-02,316670.0,3929.0,0.0,1.8721828
2020-09-03,317486.0,3956.0,0.0,1.8652194
2020-09-04,318319.0,3982.0,0.0,1.8568344
2020-09-05,319141.0,4015.0,0.0,1.831267
2020-09-06,319932.0,4049.0,0.0,1.7990534
2020-09-07,320827.0,4081.0,0.0,1.7683605
2020-09-08,321456.0,4107.0,0.0,1.73133
2020-09-09,322237.0,4137.0,0.0,1.6922083
2020-09-10,323012.0,4165.0,0.0,1.65391
2020-09-11,323720.0,4189.0,0.0,1.6220894
2020-09-12,324407.0,4213.0,0.0,1.6008035
2020-09-13,325050.0,4240.0,0.0,1.5792409
2020-09-14,325651.0,4268.0,0.0,1.5433521
2020-09-15,326258.0,4305.0,0.0,1.5165473
2020-09-16,326930.0,4338.0,0.0,1.480844
2020-09-17,327551.0,4369.0,0.0,1.4455802
2020-09-18,328144.0,4399.0,0.0,1.403997
2020-09-19,328720.0,4430.0,0.0,1.3579755
2020-09-20,329271.0,4458.0,0.0,1.3145342
2020-09-21,329754.0,4485.0,0.0,1.2818214
2020-09-22,330246.0,4512.0,0.0,1.2480367
2020-09-23,330798.0,4542.0,0.0,1.2210912
2020-09-24,331359.0,4569.0,0.0,1.2018536
2020-09-25,331857.0,4599.0,0.0,1.1881896
2020-09-26,332329.0,4625.0,0.0,1.1811147
2020-09-27,332790.0,4655.0,0.0,1.1748655
2020-09-28,333193.0,4683.0,0.0,1.1680874
2020-09-29,333648.0,4712.0,0.0,1.1629579
2020-09-30,334187.0,4739.0,0.0,1.1574093
2020-10-01,334605.0,4768.0,0.0,1.1343367
2020-10-02,335097.0,4794.0,0.0,1.107812
2020-10-03,335578.0,4823.0,0.0,1.0794389
2020-10-04,335997.0,4850.0,0.0,1.0507321
2020-10-05,336387.0,4875.0,0.0,1.0257003
2020-10-06,336766.0,4898.0,0.0,0.9963845
2020-10-07,337243.0,4923.0,0.0,0.9673681
2020-10-08,337711.0,4947.0,0.0,0.9525275
2020-10-09,338132.0,4972.0,0.0,0.9382611
2020-10-10,338539.0,4996.0,0.0,0.9230645
2020-10-11,338944.0,5018.0,0.0,0.91088706
2020-10-12,339267.0,5043.0,0.0,0.8965162
2020-10-13,339615.0,5068.0,0.0,0.88615537
2020-10-14,340089.0,5087.0,0.0,0.876171
2020-10-15,340590.0,5108.0,0.0,0.86664885
2020-10-16,341062.0,5127.0,0.0,0.8617158
2020-10-17,341495.0,5144.0,0.0,0.86054665
2020-10-18,341854.0,5165.0,0.0,0.85636353
2020-10-19,342202.0,5185.0,0.0,0.85384876
2020-10-20,342583.0,5201.0,0.0,0.85396737
2020-10-21,342968.0,5217.0,0.0,0.85202914
2020-10-22,343373.0,5235.0,0.0,0.84449553
2020-10-23,343774.0,5250.0,0.0,0.83035886
2020-10-24,344157.0,5264.0,0.0,0.8097595
2020-10-25,344552.0,5281.0,0.0,0.79266137
2020-10-26,344875.0,5296.0,0.0,0.7743699
2020-10-27,345232.0,5313.0,0.0,0.75188273
2020-10-28,345631.0,5329.0,0.0,0.7331483
2020-10-29,346047.0,5348.0,0.0,0.7178404
2020-10-30,346482.0,5363.0,0.0,0.7097618
2020-10-31,346880.0,5383.0,0.0,0.7090581
2020-11-01,347282.0,5402.0,0.0,0.7077848
2020-11-02,347656.0,5420.0,0.0,0.7100496
2020-11-03,348037.0,5437.0,0.0,0.7145834
2020-11-04,348510.0,5456.0,0.0,0.72102445
2020-11-05,348936.0,5471.0,0.0,0.72678113
2020-11-06,349386.0,5489.0,0.0,0.7303198
2020-11-07,349822.0,5506.0,0.0,0.7331045
2020-11-08,350229.0,5525.0,0.0,0.7362768
2020-11-09,350592.0,5540.0,0.0,0.7359317
2020-11-10,350984.0,5559.0,0.0,0.73666716
2020-11-11,351455.0,5576.0,0.0,0.7377813
2020-11-12,351849.0,5590.0,0.0,0.7386781
2020-11-13,352160.0,5605.0,0.0,0.7352684
2020-11-14,352601.0,5625.0,0.0,0.7309996
2020-11-15,352950.0,5641.0,0.0,0.7244762
2020-11-16,353255.0,5657.0,0.0,0.71892965
2020-11-17,353556.0,5676.0,0.0,0.7109922
2020-11-18,353918.0,5692.0,0.0,0.69474614
2020-11-19,354208.0,5710.0,0.0,0.67720723
2020-11-20,354527.0,5729.0,0.0,0.6652072
2020-11-21,354813.0,5745.0,0.0,0.6488857
2020-11-22,355034.0,5761.0,0.0,0.63250476
2020-11-23,355258.0,5780.0,0.0,0.6148197
2020-11-24,355489.0,5796.0,0.0,0.59745127
2020-11-25,355741.0,5811.0,0.0,0.5833175
2020-11-26,356067.0,5825.0,0.0,0.5746375
2020-11-27,356389.0,5840.0,0.0,0.5675657
2020-11-28,356691.0,5857.0,0.0,0.56567967
2020-11-29,356911.0,5870.0,0.0,0.56612563
2020-11-30,357128.0,5884.0,0.0,0.57085633
2020-12-01,357360.0,5896.0,0.0,0.5780709
2020-12-02,357623.0,5907.0,0.0,0.5915208
2020-12-03,357872.0,5919.0,0.0,0.60076004
2020-12-04,358102.0,5930.0,0.0,0.6033159
2020-12-05,358336.0,5940.0,0.0,0.60181767
2020-12-06,358526.0,5954.0,0.0,0.59824246
2020-12-07,358713.0,5965.0,0.0,0.5915935
2020-12-08,358922.0,5977.0,0.0,0.5842976
2020-12-09,359115.0,5989.0,0.0,0.5701862
2020-12-10,359274.0,6002.0,0.0,0.55368644
2020-12-11,359415.0,6012.0,0.0,0.5369227
2020-12-12,359583.0,6023.0,0.0,0.5204526
2020-12-13,359749.0,6036.0,0.0,0.5068535
2020-12-14,359888.0,6048.0,0.0,0.49418917
2020-12-15,360013.0,6059.0,0.0,0.47530797
2020-12-16,360155.0,6069.0,0.0,0.45758936
2020-12-17,360335.0,6080.0,0.0,0.44457734
2020-12-18,360516.0,6091.0,0.0,0.43780124
2020-12-19,360690.0,6101.0,0.0,0.43293765
2020-12-20,360848.0,6112.0,0.0,0.4253437
2020-12-21,361010.0,6122.0,0.0,0.41792992
2020-12-22,361178.0,6131.0,0.0,0.42028394
2020-12-23,361359.0,6139.0,0.0,0.4282387
2020-12-24,361536.0,6148.0,0.0,0.43780115
2020-12-25,361725.0,6159.0,0.0,0.44710842
2020-12-26,361903.0,6168.0,0.0,0.4607805
2020-12-27,362066.0,6176.0,0.0,0.47849184
2020-12-28,362220.0,6185.0,0.0,0.49727878
2020-12-29,362339.0,6196.0,0.0,0.5101802
2020-12-30,362488.0,6204.0,0.0,0.5170834
2020-12-31,362601.0,6214.0,0.0,0.5160851
2021-01-01,362741.0,6223.0,0.0,0.5106731
2021-01-02,362878.0,6230.0,0.0,0.4968785
2021-01-03,362979.0,6239.0,0.0,0.4764862
2021-01-04,363061.0,6246.0,0.0,0.44942632
2021-01-05,363155.0,6256.0,0.0,0.42209828
2021-01-06,363259.0,6265.0,137862.0,0.39486575
2021-01-07,363377.0,6272.0,137862.0,0.371352
2021-01-08,363485.0,6278.0,137862.0,0.3470147
2021-01-09,363582.0,6282.0,178338.0,0.32528064
2021-01-10,363692.0,6286.0,178338.0,0.30669102
2021-01-11,363809.0,6291.0,178338.0,0.29392484
2021-01-12,363949.0,6295.0,178338.0,0.2844851
2021-01-13,364096.0,6300.0,178338.0,0.27800572
2021-01-14,364271.0,6304.0,178338.0,0.27538335
2021-01-15,364440.0,6310.0,178338.0,0.2781524
2021-01-16,364613.0,6313.0,295530.0,0.28478482
2021-01-17,364753.0,6318.0,295530.0,0.2934745
2021-01-18,364929.0,6323.0,295530.0,0.3034855
2021-01-19,365099.0,6329.0,295530.0,0.3131764
2021-01-20,365325.0,6335.0,295530.0,0.32540837
2021-01-21,365563.0,6338.0,295530.0,0.33832547
2021-01-22,365775.0,6342.0,295530.0,0.35270604
2021-01-23,365988.0,6346.0,391643.0,0.36779645
2021-01-24,366185.0,6350.0,391643.0,0.38469243
2021-01-25,366371.0,6352.0,391643.0,0.4027558
2021-01-26,366584.0,6355.0,391643.0,0.4234289
2021-01-27,366807.0,6359.0,391643.0,0.44268855
2021-01-28,367023.0,6363.0,391643.0,0.45822644
2021-01-29,367276.0,6366.0,391643.0,0.47161752
2021-01-30,367543.0,6368.0,440618.0,0.48470667
2021-01-31,367813.0,6372.0,440618.0,0.4982704
2021-02-01,368074.0,6375.0,440618.0,0.5105892
2021-02-02,368329.0,6379.0,440618.0,0.52014136
2021-02-03,368639.0,6383.0,440618.0,0.5296678
2021-02-04,368945.0,6386.0,440618.0,0.5425655
2021-02-05,369248.0,6389.0,440618.0,0.5540684
2021-02-06,369575.0,6393.0,440618.0,0.56362617
2021-02-07,369961.0,6397.0,440618.0,0.57374287
2021-02-08,370278.0,6402.0,440618.0,0.58432066
2021-02-09,370634.0,6406.0,440618.0,0.598556
2021-02-10,370987.0,6410.0,444465.0,0.6143024
2021-02-11,371356.0,6415.0,444465.0,0.63056576
2021-02-12,371720.0,6420.0,444465.0,0.6491775
2021-02-13,372073.0,6424.0,446940.0,0.6699886
2021-02-14,372410.0,6428.0,446940.0,0.68471676
2021-02-15,372732.0,6433.0,462812.0,0.6978066
2021-02-16,373046.0,6438.0,462812.0,0.70528847
2021-02-17,373368.0,6441.0,501710.0,0.70819646
2021-02-18,373702.0,6445.0,501710.0,0.7076671
2021-02-19,374029.0,6450.0,501710.0,0.7058361
2021-02-20,374366.0,6454.0,501710.0,0.7024391
2021-02-21,374691.0,6457.0,501710.0,0.70332474
2021-02-22,375006.0,6461.0,600798.0,0.7058793
2021-02-23,375333.0,6466.0,600798.0,0.71183914
2021-02-24,375668.0,6470.0,639587.0,0.72208655
2021-02-25,376021.0,6475.0,639587.0,0.7350315
2021-02-26,376377.0,6480.0,639587.0,0.7479415
2021-02-27,376723.0,6483.0,780667.0,0.7593614
2021-02-28,377061.0,6488.0,780667.0,0.7671468
2021-03-01,377383.0,6494.0,885411.0,0.7723862
2021-03-02,377700.0,6500.0,1003287.0,0.77178764
2021-03-03,378002.0,6505.0,1003287.0,0.76653785
2021-03-04,378333.0,6510.0,1182943.0,0.75558376
2021-03-05,378708.0,6514.0,1264878.0,0.7420385
2021-03-06,379092.0,6519.0,1264878.0,0.729873
2021-03-07,379474.0,6524.0,1332740.0,0.720989
2021-03-08,379831.0,6528.0,1484935.0,0.71143466
2021-03-09,380182.0,6534.0,1585770.0,0.7072554
2021-03-10,380572.0,6539.0,1685881.0,0.70922697
2021-03-11,380958.0,6545.0,1823819.0,0.7172138
2021-03-12,381348.0,6551.0,1938934.0,0.7285193
2021-03-13,381708.0,6556.0,2082780.0,0.7403037
2021-03-14,382059.0,6563.0,2232110.0,0.7498209
2021-03-15,382407.0,6567.0,2394182.0,0.761036
2021-03-16,382752.0,6573.0,2457425.0,0.7717797
2021-03-17,383106.0,6578.0,2580949.0,0.77612966
2021-03-18,383499.0,6585.0,2695966.0,0.7807329
2021-03-19,383880.0,6591.0,2922436.0,0.7860385
2021-03-20,384271.0,6596.0,3006419.0,0.7914897
2021-03-21,384653.0,6602.0,3194715.0,0.7995335
2021-03-22,385020.0,6609.0,3343287.0,0.8076831
2021-03-23,385424.0,6613.0,3505695.0,0.81922376
2021-03-24,385834.0,6618.0,3655546.0,0.8348428
2021-03-25,386300.0,6624.0,3810698.0,0.8460703
2021-03-26,386782.0,6630.0,3895858.0,0.85598016
2021-03-27,387292.0,6637.0,4003477.0,0.8660289
2021-03-28,387794.0,6643.0,4132630.0,0.8773722
2021-03-29,388325.0,6650.0,4250055.0,0.8933563
2021-03-30,388866.0,6656.0,4326576.0,0.90491635
2021-03-31,389422.0,6663.0,4432572.0,0.9168418
2021-04-01,390007.0,6669.0,4584006.0,0.93310875
2021-04-02,390597.0,6676.0,4729235.0,0.9496604
2021-04-03,391325.0,6684.0,4877442.0,0.9699473
2021-04-04,392009.0,6690.0,5000120.0,0.9904736
2021-04-05,392682.0,6697.0,5118039.0,1.0089178
2021-04-06,393377.0,6704.0,5345625.0,1.0311996
2021-04-07,394169.0,6711.0,5578229.0,1.0540977
2021-04-08,394952.0,6719.0,5846745.0,1.0770254
2021-04-09,395854.0,6728.0,5989026.0,1.105877
2021-04-10,396758.0,6737.0,6132124.0,1.132201
2021-04-11,397636.0,6747.0,6287432.0,1.1600593
2021-04-12,398435.0,6754.0,6411162.0,1.1889304
2021-04-13,399277.0,6765.0,6527823.0,1.2228568
2021-04-14,400228.0,6773.0,6584000.0,1.2715682
2021-04-15,401157.0,6781.0,6723186.0,1.3318702
2021-04-16,402142.0,6791.0,6831440.0,1.3941525
2021-04-17,403106.0,6801.0,6992242.0,1.4606801
2021-04-18,404054.0,6810.0,7190402.0,1.526893
2021-04-19,404970.0,6823.0,7325016.0,1.5931882
2021-04-20,405940.0,6834.0,7459261.0,1.6523224
2021-04-21,407010.0,6846.0,7653634.0,1.6879108
2021-04-22,408038.0,6858.0,7809612.0,1.7067608
2021-04-23,409093.0,6869.0,7944950.0,1.7143615
2021-04-24,410191.0,6878.0,8059757.0,1.7201209
2021-04-25,411263.0,6887.0,8263836.0,1.7249036
2021-04-26,412216.0,6900.0,8488862.0,1.725009
2021-04-27,413174.0,6913.0,8693407.0,1.718366
2021-04-28,414219.0,6922.0,8880219.0,1.7157564
2021-04-29,415281.0,6935.0,9032921.0,1.7155249
2021-04-30,416307.0,6946.0,9343991.0,1.7126293
2021-05-01,417363.0,6957.0,9488912.0,1.6967512
2021-05-02,418411.0,6968.0,9655519.0,1.6723819
2021-05-03,419348.0,6979.0,9772409.0,1.6457924
2021-05-04,420301.0,6992.0,9838285.0,1.6211292
2021-05-05,421300.0,7006.0,9949971.0,1.5909747
2021-05-06,422316.0,7018.0,10110907.0,1.5551374
2021-05-07,423406.0,7032.0,10271299.0,1.5241848
2021-05-08,424445.0,7045.0,10441854.0,1.4982467
2021-05-09,425442.0,7059.0,10629320.0,1.4733471
2021-05-10,426384.0,7072.0,10758710.0,1.4500517
2021-05-11,427370.0,7085.0,10960820.0,1.4311305
2021-05-12,428369.0,7098.0,11098788.0,1.4217067
2021-05-13,429389.0,7111.0,11195164.0,1.4258282
2021-05-14,430505.0,7122.0,11312391.0,1.4406998
2021-05-15,431432.0,7134.0,11489358.0,1.4617327
2021-05-16,432269.0,7147.0,11668767.0,1.4859459
2021-05-17,433094.0,7162.0,11828549.0,1.5061965
2021-05-18,433980.0,7174.0,12020008.0,1.5133135
2021-05-19,435027.0,7188.0,12225726.0,1.5099491
2021-05-20,436239.0,7201.0,12436389.0,1.4940958
2021-05-21,437569.0,7214.0,12616680.0,1.4617095
2021-05-22,438705.0,7224.0,12791781.0,1.4234195
2021-05-23,439847.0,7237.0,12882532.0,1.3869058
2021-05-24,440914.0,7249.0,13013462.0,1.3566421
2021-05-25,442071.0,7264.0,13183309.0,1.3432988
2021-05-26,443460.0,7278.0,13401177.0,1.3490514
2021-05-27,444780.0,7295.0,13583574.0,1.3581989
2021-05-28,445963.0,7309.0,13723119.0,1.3696249
2021-05-29,447178.0,7320.0,13828247.0,1.3859143
2021-05-30,448284.0,7334.0,14043763.0,1.3962935
2021-05-31,449191.0,7347.0,14208292.0,1.4002362
2021-06-01,450436.0,7362.0,14331774.0,1.4010631
2021-06-02,451687.0,7377.0,14512466.0,1.384955
2021-06-03,452956.0,7393.0,14629297.0,1.3676802
2021-06-04,454217.0,7408.0,14731457.0,1.353828
2021-06-05,455418.0,7424.0,14843196.0,1.3379462
2021-06-06,456562.0,7440.0,14977476.0,1.3295091
2021-06-07,457546.0,7456.0,15099896.0,1.3279723
2021-06-08,458707.0,7471.0,15221683.0,1.3228021
2021-06-09,459968.0,7488.0,15361514.0,1.3252937
2021-06-10,461242.0,7503.0,15495105.0,1.3320577
2021-06-11,462528.0,7519.0,15605844.0,1.342135
2021-06-12,463703.0,7537.0,15706724.0,1.35046
2021-06-13,464780.0,7553.0,15836419.0,1.3552786
2021-06-14,465797.0,7572.0,15984268.0,1.3605814
2021-06-15,466906.0,7590.0,16109908.0,1.366648
2021-06-16,468175.0,7606.0,16227887.0,1.3705578
2021-06-17,469414.0,7621.0,16362898.0,1.3729513
2021-06-18,470723.0,7635.0,16457176.0,1.37159
2021-06-19,471959.0,7650.0,16548174.0,1.370509
2021-06-20,473112.0,7663.0,16649095.0,1.3746405
2021-06-21,474191.0,7677.0,16735649.0,1.3749132
2021-06-22,475403.0,7691.0,16847376.0,1.3803849
2021-06-23,476882.0,7703.0,16933104.0,1.3928841
2021-06-24,478135.0,7716.0,17035094.0,1.3994802
2021-06-25,479390.0,7730.0,17108638.0,1.4005809
2021-06-26,480702.0,7743.0,17217116.0,1.4012545
2021-06-27,482003.0,7760.0,17339252.0,1.3971633
2021-06-28,483221.0,7775.0,17487842.0,1.3941327
2021-06-29,484539.0,7789.0,17671944.0,1.3833903
2021-06-30,486106.0,7804.0,17880870.0,1.3638555
2021-07-01,487592.0,7819.0,18019068.0,1.3541853
2021-07-02,489126.0,7832.0,18198744.0,1.3573848
2021-07-03,490464.0,7848.0,18320428.0,1.3656092
2021-07-04,491612.0,7863.0,18460462.0,1.3688322
2021-07-05,492785.0,7876.0,18699492.0,1.3734747
2021-07-06,494032.0,7891.0,18892398.0,1.3779492
2021-07-07,495309.0,7907.0,19064998.0,1.3769501
2021-07-08,496516.0,7921.0,19262680.0,1.3682168
2021-07-09,497773.0,7933.0,19396996.0,1.3459212
2021-07-10,498906.0,7947.0,19586964.0,1.313272
2021-07-11,500083.0,7963.0,19825792.0,1.2833816
2021-07-12,501195.0,7976.0,20227728.0,1.249661
2021-07-13,502439.0,7992.0,20597120.0,1.2210995
2021-07-14,503734.0,8006.0,21094828.0,1.2027519
2021-07-15,504960.0,8020.0,21556314.0,1.1832691
2021-07-16,506125.0,8035.0,21930092.0,1.1649376
2021-07-17,507423.0,8048.0,22263080.0,1.1573775
2021-07-18,508521.0,8063.0,22646488.0,1.1537813
2021-07-19,509576.0,8075.0,22870428.0,1.1532334
2021-07-20,510869.0,8089.0,23079604.0,1.1560991
2021-07-21,512142.0,8103.0,23384312.0,1.1621981
2021-07-22,513284.0,8115.0,23725740.0,1.1781752
2021-07-23,514446.0,8130.0,24008548.0,1.2045203
2021-07-24,515693.0,8141.0,24314234.0,1.2268877
2021-07-25,516949.0,8155.0,24688884.0,1.2522489
2021-07-26,518143.0,8167.0,25061476.0,1.2793822
2021-07-27,519395.0,8179.0,25464480.0,1.2942595
2021-07-28,520774.0,8189.0,25872996.0,1.2962025
2021-07-29,522108.0,8200.0,26275904.0,1.2903639
2021-07-30,523397.0,8212.0,26567950.0,1.2763944
2021-07-31,524584.0,8226.0,26867756.0,1.2594624
2021-08-01,525730.0,8237.0,27322816.0,1.234165
2021-08-02,526814.0,8249.0,27810488.0,1.2047017
2021-08-03,527877.0,8259.0,28259180.0,1.1793011
2021-08-04,528952.0,8270.0,28583042.0,1.1580861
2021-08-05,529995.0,8284.0,29094172.0,1.1345625
2021-08-06,530981.0,8297.0,29322286.0,1.1135775
2021-08-07,531935.0,8311.0,29601732.0,1.09513
2021-08-08,532785.0,8320.0,29951708.0,1.0768503
2021-08-09,533516.0,8334.0,30221244.0,1.0570091
2021-08-10,534312.0,8345.0,30544436.0,1.0386305
2021-08-11,535176.0,8357.0,30901898.0,1.0232702
2021-08-12,535927.0,8366.0,31278114.0,1.0110395
2021-08-13,536693.0,8378.0,31452284.0,0.998355
2021-08-14,537374.0,8388.0,31654206.0,0.981872
2021-08-15,537983.0,8399.0,31965788.0,0.9653227
2021-08-16,538525.0,8412.0,32281172.0,0.9510683
2021-08-17,539129.0,8419.0,32612078.0,0.93685216
2021-08-18,539698.0,8431.0,32940548.0,0.918493
2021-08-19,540244.0,8439.0,33271820.0,0.9006129
2021-08-20,540743.0,8449.0,33487478.0,0.87828493
2021-08-21,541201.0,8458.0,33735070.0,0.8563014
2021-08-22,541610.0,8469.0,34103120.0,0.83567154
2021-08-23,541994.0,8481.0,34470370.0,0.814188
2021-08-24,542354.0,8490.0,34832320.0,0.7879121
2021-08-25,542707.0,8497.0,35166050.0,0.76012295
2021-08-26,543028.0,8505.0,35523976.0,0.7273916
2021-08-27,543318.0,8512.0,35746664.0,0.69502765
2021-08-28,543562.0,8520.0,36027090.0,0.66124177
2021-08-29,543796.0,8526.0,36519290.0,0.6256782
2021-08-30,544004.0,8532.0,36837336.0,0.5877283
2021-08-31,544225.0,8539.0,37133188.0,0.55275816
2021-09-01,544449.0,8545.0,37352150.0,0.52068377
2021-09-02,544634.0,8552.0,37593148.0,0.49032545
2021-09-03,544811.0,8560.0,37701610.0,0.46168682
2021-09-04,544985.0,8565.0,37835216.0,0.43627855
2021-09-05,545123.0,8572.0,38069150.0,0.41246614
2021-09-06,545243.0,8579.0,38265270.0,0.3913355
2021-09-07,545367.0,8585.0,38492516.0,0.37115517
2021-09-08,545505.0,8591.0,38738840.0,0.3512179
2021-09-09,545624.0,8598.0,39009896.0,0.3333702
2021-09-10,545727.0,8604.0,39163348.0,0.3164397
2021-09-11,545829.0,8610.0,39351790.0,0.2991035
2021-09-12,545912.0,8617.0,39606176.0,0.28298217
2021-09-13,545992.0,8623.0,39839944.0,0.26733825
2021-09-14,546067.0,8628.0,40034920.0,0.25200984
2021-09-15,546163.0,8633.0,40224990.0,0.2376466
2021-09-16,546251.0,8640.0,40480932.0,0.22431192
2021-09-17,546336.0,8645.0,40573890.0,0.21280576
2021-09-18,546411.0,8651.0,40698070.0,0.20276597
2021-09-19,546479.0,8656.0,40888056.0,0.19300157
2021-09-20,546549.0,8661.0,41035356.0,0.18418695
2021-09-21,546612.0,8667.0,41176170.0,0.1767293
2021-09-22,546681.0,8672.0,41290664.0,0.16979216
2021-09-23,546735.0,8679.0,41360564.0,0.16324055
2021-09-24,546792.0,8684.0,41404950.0,0.1567755
2021-09-25,546843.0,8688.0,41490684.0,0.15077311
2021-09-26,546882.0,8694.0,41641404.0,0.1446905
2021-09-27,546926.0,8699.0,41770484.0,0.13851164
2021-09-28,546985.0,8704.0,41886180.0,0.13330753
2021-09-29,547035.0,8709.0,41990200.0,0.12851688
2021-09-30,547090.0,8713.0,42109716.0,0.124029994
2021-10-01,547134.0,8716.0,42163996.0,0.11887673
2021-10-02,547179.0,8719.0,42265380.0,0.11378877
2021-10-03,547221.0,8722.0,42435820.0,0.10992825
2021-10-04,547262.0,8724.0,42597948.0,0.10653393
2021-10-05,547315.0,8727.0,42747212.0,0.10273863
2021-10-06,547357.0,8730.0,42913320.0,0.09940628
2021-10-07,547402.0,8732.0,43098860.0,0.09627309
2021-10-08,547449.0,8736.0,43191896.0,0.09487637
2021-10-09,547497.0,8739.0,43335664.0,0.09444938
2021-10-10,547532.0,8743.0,43615548.0,0.09368567
2021-10-11,547591.0,8745.0,43852650.0,0.093993515
2021-10-12,547649.0,8748.0,44052110.0,0.09456268
2021-10-13,547704.0,8751.0,44219652.0,0.0960206
2021-10-14,547761.0,8753.0,44374452.0,0.09759554
2021-10-15,547797.0,8755.0,44441516.0,0.09806304
2021-10-16,547845.0,8758.0,44521776.0,0.09803033
2021-10-17,547890.0,8760.0,44652850.0,0.09869727
2021-10-18,547931.0,8763.0,44698976.0,0.098224804
2021-10-19,547969.0,8765.0,44862696.0,0.097295076
2021-10-20,548018.0,8767.0,44950770.0,0.095719166
2021-10-21,548065.0,8770.0,45041860.0,0.09472135
2021-10-22,548111.0,8773.0,45091788.0,0.09509554
2021-10-23,548162.0,8774.0,45172188.0,0.09611159
2021-10-24,548205.0,8776.0,45266840.0,0.09711885
2021-10-25,548252.0,8778.0,45352624.0,0.09882174
2021-10-26,548303.0,8780.0,45428216.0,0.101417154
2021-10-27,548368.0,8782.0,45497612.0,0.10508448
2021-10-28,548423.0,8785.0,45566424.0,0.10879524
2021-10-29,548474.0,8788.0,45596372.0,0.11217363
2021-10-30,548530.0,8790.0,45641532.0,0.115401715
2021-10-31,548571.0,8793.0,45720864.0,0.11820178
2021-11-01,548617.0,8794.0,45784360.0,0.120714165
2021-11-02,548666.0,8796.0,46120530.0,0.123224996
2021-11-03,548711.0,8798.0,46174720.0,0.12344095
2021-11-04,548760.0,8799.0,46225390.0,0.12470647
2021-11-05,548805.0,8800.0,46270412.0,0.12646651
2021-11-06,548848.0,8802.0,46288356.0,0.1291965
2021-11-07,548890.0,8803.0,46288356.0,0.13522805
2021-11-08,548930.0,8804.0,46288356.0,0.13730878
2021-11-09,548973.0,8805.0,46488600.0,0.13697591
2021-11-10,549022.0,8806.0,46545444.0,0.13888456
2021-11-11,549060.0,8807.0,46612030.0,0.13703418
2021-11-12,549103.0,8809.0,46637028.0,0.13357998
2021-11-13,549148.0,8810.0,46672540.0,0.1275529
2021-11-14,549192.0,8811.0,46743788.0,0.11726941
2021-11-15,549222.0,8813.0,46806144.0,0.11258814
2021-11-16,549260.0,8816.0,46829090.0,0.11115849
2021-11-17,549297.0,8818.0,46910180.0,0.10875063
2021-11-18,549339.0,8820.0,46959456.0,0.10942749
2021-11-19,549377.0,8821.0,46979616.0,0.110738
2021-11-20,549412.0,8822.0,47013240.0,0.11341418
2021-11-21,549443.0,8823.0,47061188.0,0.1164364
2021-11-22,549479.0,8824.0,47111650.0,0.11752034
2021-11-23,549518.0,8826.0,47155332.0,0.116402514
2021-11-24,549556.0,8827.0,47200130.0,0.11416668
2021-11-25,549590.0,8828.0,47244948.0,0.10935246
2021-11-26,549618.0,8829.0,47265456.0,0.10338256
2021-11-27,549642.0,8830.0,47293264.0,0.09625691
2021-11-28,549671.0,8832.0,47309172.0,0.08940317
2021-11-29,549695.0,8833.0,47391640.0,0.08222775
2021-11-30,549720.0,8834.0,47444800.0,0.07551985
2021-12-01,549752.0,8836.0,47449880.0,0.0703233
2021-12-02,549786.0,8837.0,47449880.0,0.06750803
2021-12-03,549810.0,8839.0,47536456.0,0.06570785
2021-12-04,549848.0,8840.0,47627390.0,0.06563726
2021-12-05,549877.0,8842.0,47701070.0,0.066007696
2021-12-06,549912.0,8844.0,47766580.0,0.06743815
2021-12-07,549955.0,8845.0,47831664.0,0.070342086
2021-12-08,549997.0,8847.0,47897132.0,0.07313223
2021-12-09,550043.0,8849.0,47957036.0,0.07584154
2021-12-10,550088.0,8850.0,47983970.0,0.08023886
2021-12-11,550136.0,8851.0,48023170.0,0.08476673
2021-12-12,550189.0,8852.0,48088092.0,0.090841465
2021-12-13,550240.0,8853.0,48104476.0,0.09703208
2021-12-14,550304.0,8855.0,48186500.0,0.10218869
2021-12-15,550369.0,8856.0,48231780.0,0.10719493
2021-12-16,550457.0,8857.0,48275300.0,0.11218665
2021-12-17,550542.0,8858.0,48293630.0,0.116412595
2021-12-18,550622.0,8860.0,48322956.0,0.11997945
2021-12-19,550738.0,8861.0,48381590.0,0.12357054
2021-12-20,550842.0,8862.0,48475450.0,0.12809
2021-12-21,550988.0,8864.0,48645370.0,0.13498436
2021-12-22,551210.0,8865.0,48865160.0,0.14700447
2021-12-23,551462.0,8867.0,49111268.0,0.16318128
2021-12-24,551749.0,8868.0,49253476.0,0.18428342
2021-12-25,552081.0,8869.0,49423250.0,0.212746
2021-12-26,552406.0,8870.0,49700200.0,0.2435374
2021-12-27,552795.0,8871.0,49953750.0,0.2786442
2021-12-28,553319.0,8872.0,50215460.0,0.3198901
2021-12-29,553921.0,8873.0,50477456.0,0.36359996
2021-12-30,554665.0,8874.0,50755660.0,0.41312987
2021-12-31,555417.0,8875.0,50894144.0,0.46634045
2022-01-01,556236.0,8877.0,51031650.0,0.5208594
2022-01-02,557082.0,8878.0,51262028.0,0.5786424
2022-01-03,558106.0,8879.0,51493736.0,0.6376479
2022-01-04,559852.0,8881.0,51731310.0,0.7058383
2022-01-05,562437.0,8883.0,51965920.0,0.7952801
2022-01-06,565482.0,8886.0,52214828.0,0.9037827
2022-01-07,568650.0,8888.0,52329264.0,1.0334738
2022-01-08,572225.0,8890.0,52468416.0,1.1889694
2022-01-09,575293.0,8892.0,52689404.0,1.3655801
2022-01-10,578753.0,8893.0,52900310.0,1.5625769
2022-01-11,583531.0,8895.0,53099212.0,1.7757547
2022-01-12,588183.0,8897.0,53314310.0,1.9816201
2022-01-13,593545.0,8899.0,53533990.0,2.1854334
2022-01-14,599044.0,8901.0,53656570.0,2.3823373
2022-01-15,604672.0,8903.0,53802510.0,2.5598648
2022-01-16,609953.0,8905.0,53990390.0,2.7186468
2022-01-17,615430.0,8906.0,54190410.0,2.8597317
2022-01-18,620935.0,8908.0,54365950.0,2.956173
2022-01-19,626808.0,8910.0,54597570.0,3.0254147
2022-01-20,632736.0,8912.0,54597570.0,3.0603144
2022-01-21,638327.0,8914.0,54841336.0,3.0742269
2022-01-22,643211.0,8916.0,54841336.0,3.0725946
2022-01-23,647819.0,8918.0,55449796.0,3.057733
2022-01-24,652354.0,8920.0,55764236.0,3.0307739
2022-01-25,657192.0,8922.0,56009852.0,3.014761
2022-01-26,661733.0,8924.0,56257656.0,3.006006
2022-01-27,666259.0,8927.0,56520252.0,3.0059602
2022-01-28,670997.0,8929.0,56661924.0,2.9966722
2022-01-29,675471.0,8931.0,56707290.0,2.9831479
2022-01-30,679384.0,8933.0,56707290.0,2.9716606
2022-01-31,683053.0,8936.0,57328404.0,2.9596543
2022-02-01,687264.0,8940.0,57588460.0,2.9552462
2022-02-02,691125.0,8941.0,57852000.0,2.9483988
2022-02-03,695217.0,8943.0,58095576.0,2.941478
2022-02-04,699069.0,8947.0,58227892.0,2.936084
2022-02-05,702624.0,8950.0,58383620.0,2.924675
2022-02-06,705637.0,8953.0,58565764.0,2.905473
2022-02-07,708897.0,8954.0,58732880.0,2.8887858
2022-02-08,712644.0,8957.0,58874868.0,2.8661332
2022-02-09,715974.0,8959.0,59011584.0,2.8446584
2022-02-10,719136.0,8962.0,59183196.0,2.814085
2022-02-11,722002.0,8965.0,59262584.0,2.7837522
2022-02-12,724525.0,8969.0,59362396.0,2.7568233
2022-02-13,726251.0,8971.0,59508036.0,2.731298
2022-02-14,728387.0,8973.0,59639200.0,2.6956575
2022-02-15,730614.0,8974.0,59759376.0,2.642829
2022-02-16,732596.0,8975.0,59873656.0,2.574775
2022-02-17,734389.0,8977.0,60010344.0,2.4966662
2022-02-18,735958.0,8978.0,60077780.0,2.4018342
2022-02-19,737334.0,8981.0,60150924.0,2.2989655
2022-02-20,738331.0,8982.0,60268104.0,2.196994
2022-02-21,739344.0,8984.0,60372816.0,2.092671
2022-02-22,740396.0,8986.0,60412100.0,1.991654
2022-02-23,741237.0,8987.0,60522804.0,1.8892441
2022-02-24,741864.0,8990.0,60638824.0,1.7823517
2022-02-25,742541.0,8991.0,60694350.0,1.6785443
2022-02-26,743205.0,8993.0,60760200.0,1.5746285
2022-02-27,743742.0,8994.0,60840610.0,1.4711975
2022-02-28,744374.0,8996.0,60953970.0,1.3739377
2022-03-01,745027.0,8998.0,,1.2761347
2022-03-02,745590.0,9001.0,,1.1885487
2022-03-03,746066.0,9002.0,,1.1223038
2022-03-04,746473.0,9004.0,,1.0696139
2022-03-05,746836.0,9005.0,,1.0258586
2022-03-06,747119.0,9006.0,,0.9865168
2022-03-07,747436.0,9008.0,,0.95323265
2022-03-08,747715.0,9009.0,,0.92875457
2022-03-09,747934.0,9011.0,,0.90611434
2022-03-10,748121.0,9013.0,,0.88028246
2022-03-11,748311.0,9014.0,,0.85825455
2022-03-12,748489.0,9016.0,,0.8455179
2022-03-13,748624.0,9017.0,,0.83550763
2022-03-14,748769.0,9018.0,,0.8187833
2022-03-15,748915.0,9020.0,,0.80003524
2022-03-16,749044.0,9021.0,,0.7847813
2022-03-17,749171.0,9023.0,,0.77614385
2022-03-18,749268.0,9024.0,,0.7643383
2022-03-19,749373.0,9025.0,,0.7446206
2022-03-20,749471.0,9027.0,,0.7244622
2022-03-21,749597.0,9028.0,,0.71271366
2022-03-22,749730.0,9030.0,,0.7073924
2022-03-23,749855.0,9032.0,,0.7037413
2022-03-24,749965.0,9033.0,,0.69696975
2022-03-25,750080.0,9034.0,,0.6997833
2022-03-26,750179.0,9036.0,,0.7105255
2022-03-27,750258.0,9038.0,,0.7194103
2022-03-28,750356.0,9039.0,,0.72461784
2022-03-29,750483.0,9040.0,,0.7289161
2022-03-30,750589.0,9042.0,,0.72716945
2022-03-31,750707.0,9043.0,,0.72559637
2022-04-01,750814.0,9045.0,,0.71834016
2022-04-02,750910.0,9046.0,,0.7107297
2022-04-03,750998.0,9047.0,,0.7106201
2022-04-04,751076.0,9048.0,,0.7126333
2022-04-05,751180.0,9050.0,,0.7153519
2022-04-06,751296.0,9050.0,,0.7303536
2022-04-07,751404.0,9053.0,,0.7486744
2022-04-08,751518.0,9054.0,,0.76877195
2022-04-09,751622.0,9055.0,,0.7877591
2022-04-10,751717.0,9055.0,,0.797155
2022-04-11,751813.0,9058.0,,0.8112558
2022-04-12,751943.0,9058.0,,0.83129287
2022-04-13,752078.0,9060.0,,0.8490102
2022-04-14,752188.0,9062.0,,0.86520755
2022-04-15,752291.0,9063.0,,0.87955725
2022-04-16,752396.0,9066.0,,0.8936658
2022-04-17,752479.0,9068.0,,0.91624224
2022-04-18,752572.0,9069.0,,0.9342082
2022-04-19,752705.0,9069.0,,0.94568586
2022-04-20,752848.0,9072.0,,0.9512089
2022-04-21,752994.0,9074.0,,0.9622286
2022-04-22,753124.0,9075.0,,0.97711754
2022-04-23,753241.0,9075.0,,0.99463886
2022-04-24,753332.0,9076.0,,1.0105453
2022-04-25,753417.0,9078.0,,1.0285774
2022-04-26,753526.0,9079.0,,1.043157
2022-04-27,753632.0,9082.0,,1.0548218
2022-04-28,753730.0,9084.0,,1.0501764
2022-04-29,753822.0,9085.0,,1.0357372
2022-04-30,753921.0,9086.0,,1.0132204
2022-05-01,754011.0,9088.0,,0.98888946
2022-05-02,754110.0,9089.0,,0.96937406
2022-05-03,754238.0,9093.0,,0.961994
2022-05-04,754340.0,9093.0,,0.96060145
2022-05-05,754464.0,9094.0,,0.96817535
2022-05-06,754623.0,9096.0,,0.9899905
2022-05-07,754842.0,9099.0,,1.0263739
2022-05-08,755076.0,9099.0,,1.0584837
2022-05-09,755415.0,9103.0,,1.098564
2022-05-10,755980.0,9104.0,,1.1619012
2022-05-11,756549.0,9104.0,,1.2550273
2022-05-12,757191.0,9108.0,,1.3765063
2022-05-13,757802.0,9110.0,,1.5137097
2022-05-14,758361.0,9111.0,,1.6585139
2022-05-15,758795.0,9114.0,,1.8151842
2022-05-16,759226.0,9116.0,,1.9475571
2022-05-17,759856.0,9118.0,,2.0426204
2022-05-18,760477.0,9121.0,,2.1029794
2022-05-19,761079.0,9123.0,,2.1326036
2022-05-20,761624.0,9124.0,,2.1373732
2022-05-21,762164.0,9127.0,,2.1206021
2022-05-22,762575.0,9128.0,,2.093898
2022-05-23,763042.0,9130.0,,2.0855658
2022-05-24,763692.0,9131.0,,2.0910554
2022-05-25,764249.0,9134.0,,2.0977547
2022-05-26,764789.0,9135.0,,2.1071293
2022-05-27,765305.0,9138.0,,2.1181407
2022-05-28,765788.0,9140.0,,2.1288064
2022-05-29,766196.0,9143.0,,2.1424708
2022-05-30,766726.0,9144.0,,2.1485384
2022-05-31,767412.0,9145.0,,2.1521533
2022-06-01,768079.0,9148.0,,2.155132
2022-06-02,768648.0,9149.0,,2.156576
2022-06-03,769423.0,9151.0,,2.1722167
2022-06-04,770085.0,9152.0,,2.2020383
2022-06-05,770650.0,9155.0,,2.229534
2022-06-06,771302.0,9156.0,,2.2552886
2022-06-07,772269.0,9158.0,,2.273859
2022-06-08,773221.0,9160.0,,2.310995
2022-06-09,774250.0,9163.0,,2.368895
2022-06-10,775205.0,9165.0,,2.4174247
2022-06-11,776137.0,9167.0,,2.4648116
2022-06-12,776890.0,9170.0,,2.5202725
2022-06-13,777795.0,9173.0,,2.5891564
2022-06-14,778983.0,9175.0,,2.6814632
2022-06-15,780135.0,9176.0,,2.77527
2022-06-16,781168.0,9179.0,,2.8579316
2022-06-17,782131.0,9180.0,,2.9408042
2022-06-18,783076.0,9183.0,,3.021058
2022-06-19,783907.0,9185.0,,3.1048694
2022-06-20,784837.0,9188.0,,3.1850126
2022-06-21,786069.0,9189.0,,3.2500243
2022-06-22,787212.0,9191.0,,3.3004715
2022-06-23,788294.0,9194.0,,3.3260324
2022-06-24,789296.0,9195.0,,3.354295
2022-06-25,790223.0,9198.0,,3.3853173
2022-06-26,790957.0,9198.0,,3.411084
2022-06-27,791784.0,9201.0,,3.430969
2022-06-28,792860.0,9202.0,,3.4420536
2022-06-29,793729.0,9205.0,,
2022-06-30,794488.0,9207.0,,
2022-07-01,795186.0,9208.0,,
2022-07-02,795811.0,9209.0,,
2022-07-03,796268.0,9211.0,,
2022-07-04,796771.0,9211.0,,
2022-07-05,797374.0,9211.0,,
2022-07-06,797940.0,9212.0,,
2022-07-07,798474.0,9215.0,,
2022-07-08,798977.0,9218.0,,
2022-07-09,799435.0,9219.0,,
2022-07-10,799788.0,9220.0,,
2022-07-11,800087.0,9221.0,,
2022-07-12,800462.0,9221.0,,
2022-07-13,800869.0,9223.0,,
2022-07-14,801349.0,9225.0,,
2022-07-15,801935.0,9228.0,,
2022-07-16,802586.0,9229.0,,
2022-07-17,803158.0,9230.0,,
2022-07-18,803764.0,9232.0,,
2022-07-19,804570.0,9233.0,,
2022-07-20,805277.0,9233.0,,
2022-07-21,805879.0,9233.0,,
2022-07-22,806401.0,9236.0,,
2022-07-23,806877.0,9237.0,,
2022-07-24,807215.0,9238.0,,
2022-07-25,807591.0,9239.0,,
2022-07-26,808053.0,9240.0,,
2022-07-27,808419.0,9243.0,,
2022-07-28,808742.0,9243.0,,
2022-07-29,809026.0,9245.0,,
2022-07-30,809274.0,9247.0,,
2022-07-31,809449.0,9250.0,,
2022-08-01,809672.0,9251.0,,
2022-08-02,809960.0,9252.0,,
2022-08-03,810187.0,9255.0,,
2022-08-04,810394.0,9255.0,,
2022-08-05,810583.0,9257.0,,
2022-08-06,810760.0,9257.0,,
2022-08-07,810887.0,9260.0,,
2022-08-08,811034.0,9261.0,,
2022-08-09,811217.0,9261.0,,
2022-08-10,811362.0,9263.0,,
2022-08-11,811512.0,9264.0,,
2022-08-12,811642.0,9265.0,,
2022-08-13,811748.0,9266.0,,
2022-08-14,811853.0,9269.0,,
2022-08-15,811958.0,9269.0,,
2022-08-16,812093.0,9271.0,,
2022-08-17,812196.0,9272.0,,
2022-08-18,812300.0,9272.0,,
2022-08-19,812397.0,9273.0,,
2022-08-20,812461.0,9275.0,,
2022-08-21,812535.0,9276.0,,
2022-08-22,812624.0,9277.0,,
2022-08-23,812736.0,9280.0,,
2022-08-24,812824.0,9280.0,,
2022-08-25,812903.0,9282.0,,
2022-08-26,812975.0,9285.0,,
2022-08-27,813042.0,9288.0,,
2022-08-28,813107.0,9289.0,,
2022-08-29,813205.0,9292.0,,
2022-08-30,813284.0,9292.0,,
2022-08-31,813376.0,9293.0,,
2022-09-01,813461.0,9295.0,,
2022-09-02,813542.0,9297.0,,
2022-09-03,813616.0,9299.0,,
2022-09-04,813682.0,9302.0,,
2022-09-05,813764.0,9303.0,,
2022-09-06,813878.0,9306.0,,
2022-09-07,813986.0,9309.0,,
2022-09-08,814088.0,9310.0,,
2022-09-09,814192.0,9312.0,,
2022-09-10,814278.0,9313.0,,
2022-09-11,814356.0,9315.0,,
2022-09-12,814465.0,9316.0,,
2022-09-13,814597.0,9317.0,,
2022-09-14,814722.0,9320.0,,
2022-09-15,814829.0,9322.0,,
2022-09-16,814937.0,9324.0,,
2022-09-17,815035.0,9327.0,,
2022-09-18,815097.0,9330.0,,
2022-09-19,815195.0,9331.0,,
2022-09-20,815326.0,9332.0,,
2022-09-21,815431.0,9333.0,,
2022-09-22,815529.0,9335.0,,
2022-09-23,815609.0,9337.0,,
2022-09-24,815686.0,9340.0,,
2022-09-25,815743.0,9341.0,,
2022-09-26,815839.0,9342.0,,
2022-09-27,816000.0,9344.0,,
2022-09-28,816130.0,9347.0,,
2022-09-29,816262.0,9350.0,,
2022-09-30,816389.0,9351.0,,
2022-10-01,816498.0,9352.0,,
2022-10-02,816575.0,9353.0,,
2022-10-03,816664.0,9355.0,,
2022-10-04,816820.0,9357.0,,
2022-10-05,816975.0,9360.0,,
2022-10-06,817127.0,9361.0,,
2022-10-07,817264.0,9362.0,,
2022-10-08,817403.0,9364.0,,
2022-10-09,817490.0,9365.0,,
2022-10-10,817612.0,9368.0,,
2022-10-11,817838.0,9369.0,,
2022-10-12,818033.0,9372.0,,
2022-10-13,818236.0,9374.0,,
2022-10-14,818427.0,9376.0,,
2022-10-15,818592.0,9379.0,,
2022-10-16,818698.0,9380.0,,
2022-10-17,818837.0,9381.0,,
2022-10-18,819083.0,9383.0,,
2022-10-19,819323.0,9384.0,,
2022-10-20,819570.0,9387.0,,
2022-10-21,819811.0,9390.0,,
2022-10-22,820027.0,9391.0,,
2022-10-23,820156.0,9392.0,,
2022-10-24,820334.0,9393.0,,
2022-10-25,820644.0,9395.0,,
2022-10-26,820920.0,9397.0,,
2022-10-27,821246.0,9400.0,,
2022-10-28,821540.0,9401.0,,
2022-10-29,821777.0,9403.0,,
2022-10-30,821937.0,9405.0,,
2022-10-31,822132.0,9406.0,,
2022-11-01,822459.0,9407.0,,
2022-11-02,822718.0,9409.0,,
2022-11-03,822976.0,9412.0,,
2022-11-04,823203.0,9415.0,,
2022-11-05,823388.0,9416.0,,
2022-11-06,823494.0,9417.0,,
2022-11-07,823624.0,9418.0,,
2022-11-08,823834.0,9421.0,,
2022-11-09,824003.0,9423.0,,
2022-11-10,824151.0,9425.0,,
2022-11-11,824273.0,9426.0,,
2022-11-12,824377.0,9429.0,,
2022-11-13,824438.0,9432.0,,
2022-11-14,824513.0,9433.0,,
2022-11-15,824640.0,9435.0,,
2022-11-16,824747.0,9438.0,,
2022-11-17,824834.0,9440.0,,
2022-11-18,824917.0,9442.0,,
2022-11-19,824984.0,9443.0,,
2022-11-20,825029.0,9446.0,,
2022-11-21,825087.0,9447.0,,
2022-11-22,825176.0,9448.0,,
2022-11-23,825239.0,9449.0,,
2022-11-24,825290.0,9451.0,,
2022-11-25,825332.0,9454.0,,
2022-11-26,825372.0,9456.0,,
2022-11-27,825402.0,9457.0,,
2022-11-28,825436.0,9458.0,,
2022-11-29,825497.0,9459.0,,
2022-11-30,825549.0,9461.0,,
2022-12-01,825597.0,9464.0,,
2022-12-02,825640.0,9465.0,,
2022-12-03,825681.0,9468.0,,
2022-12-04,825718.0,9471.0,,
2022-12-05,825773.0,9472.0,,
2022-12-06,825859.0,9474.0,,
2022-12-07,825936.0,9476.0,,
2022-12-08,826009.0,9477.0,,
2022-12-09,826064.0,9480.0,,
2022-12-10,826117.0,9481.0,,
2022-12-11,826153.0,9482.0,,
2022-12-12,826191.0,9484.0,,
2022-12-13,826259.0,9486.0,,
2022-12-14,826312.0,9487.0,,
2022-12-15,826365.0,9490.0,,
2022-12-16,826410.0,9491.0,,
2022-12-17,826450.0,9492.0,,
2022-12-18,826478.0,9494.0,,
2022-12-19,826516.0,9496.0,,
2022-12-20,826575.0,9498.0,,
2022-12-21,826621.0,9499.0,,
2022-12-22,826667.0,9502.0,,
2022-12-23,826711.0,9503.0,,
2022-12-24,826743.0,9506.0,,
2022-12-25,826766.0,9508.0,,
2022-12-26,826797.0,9509.0,,
2022-12-27,826850.0,9510.0,,
2022-12-28,826890.0,9512.0,,
2022-12-29,826927.0,9513.0,,
2022-12-30,826954.0,9514.0,,
2022-12-31,826984.0,9515.0,,
2023-01-01,827004.0,9518.0,,
2023-01-02,827032.0,9520.0,,
2023-01-03,827071.0,9521.0,,
2023-01-04,827100.0,9524.0,,
2023-01-05,827128.0,9526.0,,
2023-01-06,827152.0,9527.0,,
2023-01-07,827172.0,9528.0,,
2023-01-08,827190.0,9529.0,,
2023-01-09,827213.0,9531.0,,
2023-01-10,827246.0,9533.0,,
2023-01-11,827275.0,9534.0,,
2023-01-12,827305.0,9537.0,,
2023-01-13,827332.0,9539.0,,
2023-01-14,827358.0,9540.0,,
2023-01-15,827372.0,9542.0,,
2023-01-16,827391.0,9544.0,,
2023-01-17,827422.0,9545.0,,
2023-01-18,827453.0,9546.0,,
2023-01-19,827488.0,9549.0,,
2023-01-20,827522.0,9552.0,,
2023-01-21,827556.0,9554.0,,
2023-01-22,827578.0,9555.0,,
2023-01-23,827608.0,9557.0,,
2023-01-24,827658.0,9560.0,,
2023-01-25,827697.0,9561.0,,
2023-01-26,827737.0,9563.0,,
2023-01-27,827772.0,9564.0,,
2023-01-28,827807.0,9566.0,,
2023-01-29,827828.0,9568.0,,
2023-01-30,827861.0,9570.0,,
2023-01-31,827916.0,9571.0,,
2023-02-01,827962.0,9574.0,,
2023-02-02,828012.0,9575.0,,
2023-02-03,828064.0,9577.0,,
2023-02-04,828106.0,9578.0,,
2023-02-05,828131.0,9579.0,,
2023-02-06,828171.0,9580.0,,
2023-02-07,828236.0,9582.0,,
2023-02-08,828294.0,9583.0,,
2023-02-09,828356.0,9586.0,,
2023-02-10,828410.0,9587.0,,
2023-02-11,828456.0,9590.0,,
2023-02-12,828486.0,9591.0,,
2023-02-13,828525.0,9592.0,,
2023-02-14,828595.0,9593.0,,
2023-02-15,828662.0,9595.0,,
2023-02-16,828729.0,9596.0,,
2023-02-17,828793.0,9598.0,,
2023-02-18,828842.0,9599.0,,
2023-02-19,828874.0,9600.0,,
2023-02-20,828917.0,9602.0,,
2023-02-21,828983.0,9605.0,,
2023-02-22,829041.0,9606.0,,
2023-02-23,829095.0,9607.0,,
2023-02-24,829137.0,9608.0,,
2023-02-25,829185.0,9611.0,,
2023-02-26,829228.0,9613.0,,
2023-02-27,829287.0,9614.0,,
2023-02-28,829388.0,9614.0,,
2023-03-01,829478.0,9614.0,,
2023-03-02,829554.0,9615.0,,
2023-03-03,829624.0,9617.0,,
2023-03-04,829688.0,9617.0,,
2023-03-05,829730.0,9617.0,,
2023-03-06,829784.0,9617.0,,
2023-03-07,829882.0,9617.0,,
2023-03-08,829955.0,9618.0,,
2023-03-09,830044.0,9618.0,,
2023-03-10,830127.0,9618.0,,
2023-03-11,830223.0,9619.0,,
2023-03-12,830293.0,9621.0,,
2023-03-13,830400.0,9621.0,,
2023-03-14,830568.0,9622.0,,
2023-03-15,830731.0,9622.0,,
2023-03-16,830870.0,9623.0,,
2023-03-17,831115.0,9623.0,,
2023-03-18,831202.0,9624.0,,
2023-03-19,831311.0,9624.0,,
2023-03-20,831502.0,9624.0,,
2023-03-21,831681.0,9624.0,,
2023-03-22,831859.0,9624.0,,
2023-03-23,832036.0,9626.0,,
2023-03-24,832171.0,9626.0,,
2023-03-25,832281.0,9627.0,,
2023-03-26,832429.0,9627.0,,
2023-03-27,832709.0,9629.0,,
2023-03-28,832975.0,9630.0,,
2023-03-29,833245.0,9630.0,,
2023-03-30,833499.0,9630.0,,
2023-03-31,833727.0,9631.0,,
2023-04-01,833880.0,9631.0,,
2023-04-02,834067.0,9631.0,,
2023-04-03,834422.0,9631.0,,
2023-04-04,834825.0,9631.0,,
2023-04-05,835224.0,9632.0,,
2023-04-06,835611.0,9634.0,,
2023-04-07,835967.0,9634.0,,
2023-04-08,836196.0,9635.0,,
2023-04-09,836442.0,9635.0,,
2023-04-10,836878.0,9635.0,,
2023-04-11,837279.0,9636.0,,
2023-04-12,837622.0,9637.0,,
2023-04-13,837892.0,9637.0,,
2023-04-14,838117.0,9637.0,,
2023-04-15,838246.0,9637.0,,
2023-04-16,838375.0,9638.0,,
2023-04-17,838541.0,9638.0,,
2023-04-18,838690.0,9639.0,,
2023-04-19,838822.0,9639.0,,
2023-04-20,838953.0,9639.0,,
2023-04-21,839069.0,9640.0,,
2023-04-22,839132.0,9640.0,,
2023-04-23,839219.0,9641.0,,
2023-04-24,839347.0,9641.0,,
2023-04-25,839491.0,9642.0,,
2023-04-26,839704.0,9642.0,,
2023-04-27,839965.0,9642.0,,
2023-04-28,840200.0,9642.0,,
2023-04-29,840337.0,9643.0,,
2023-04-30,840525.0,9644.0,,
2023-05-01,840812.0,9644.0,,
2023-05-02,841020.0,9644.0,,
2023-05-03,841196.0,9645.0,,
2023-05-04,841348.0,9646.0,,
2023-05-05,841469.0,9646.0,,
2023-05-06,841469.0,9646.0,,
2023-05-07,841469.0,9646.0,,
2023-05-08,841469.0,9646.0,,
2023-05-09,841469.0,9646.0,,
2023-05-10,841469.0,9646.0,,
2023-05-11,841469.0,9646.0,,
2023-05-12,841469.0,9646.0,,
2023-05-13,841469.0,9646.0,,
2023-05-14,841469.0,9646.0,,
2023-05-15,841469.0,9646.0,,
2023-05-16,841469.0,9646.0,,
2023-05-17,841469.0,9646.0,,
2023-05-18,841469.0,9646.0,,
2023-05-19,841469.0,9646.0,,
2023-05-20,841469.0,9646.0,,
2023-05-21,841469.0,9646.0,,
2023-05-22,841469.0,9646.0,,
2023-05-23,841469.0,9646.0,,
2023-05-24,841469.0,9646.0,,
2023-05-25,841469.0,9646.0,,
2023-05-26,841469.0,9646.0,,
2023-05-27,841469.0,9646.0,,
2023-05-28,841469.0,9646.0,,
2023-05-29,841469.0,9646.0,,
2023-05-30,841469.0,9646.0,,
2023-05-31,841469.0,9646.0,,
2023-06-01,841469.0,9646.0,,
2023-06-02,841469.0,9646.0,,
2023-06-03,841469.0,9646.0,,
2023-06-04,841469.0,9646.0,,
2023-06-05,841469.0,9646.0,,
2023-06-06,841469.0,9646.0,,
2023-06-07,841469.0,9646.0,,
2023-06-08,841469.0,9646.0,,
2023-06-09,841469.0,9646.0,,
2023-06-10,841469.0,9646.0,,
2023-06-11,841469.0,9646.0,,
2023-06-12,841469.0,9646.0,,
2023-06-13,841469.0,9646.0,,
2023-06-14,841469.0,9646.0,,
2023-06-15,841469.0,9646.0,,
2023-06-16,841469.0,9646.0,,
2023-06-17,841469.0,9646.0,,
2023-06-18,841469.0,9646.0,,
2023-06-19,841469.0,9646.0,,
2023-06-20,841469.0,9646.0,,
2023-06-21,841469.0,9646.0,,
2023-06-22,841469.0,9646.0,,
2023-06-23,841469.0,9646.0,,
2023-06-24,841469.0,9646.0,,
2023-06-25,841469.0,9646.0,,
2023-06-26,841469.0,9646.0,,
2023-06-27,841469.0,9646.0,,
2023-06-28,841469.0,9646.0,,
2023-06-29,841469.0,9646.0,,
2023-06-30,841469.0,9646.0,,
2023-07-01,841469.0,9646.0,,
2023-07-02,841469.0,9646.0,,
2023-07-03,841469.0,9646.0,,
2023-07-04,841469.0,9646.0,,
2023-07-05,841469.0,9646.0,,
2023-07-06,841469.0,9646.0,,
2023-07-07,841469.0,9646.0,,
2023-07-08,841469.0,9646.0,,
2023-07-09,841469.0,9646.0,,
2023-07-10,841469.0,9646.0,,
2023-07-11,841469.0,9646.0,,
2023-07-12,841469.0,9646.0,,
2023-07-13,841469.0,9646.0,,
2023-07-14,841469.0,9646.0,,
2023-07-15,841469.0,9646.0,,
2023-07-16,841469.0,9646.0,,
2023-07-17,841469.0,9646.0,,
2023-07-18,841469.0,9646.0,,
2023-07-19,841469.0,9646.0,,
2023-07-20,841469.0,9646.0,,
2023-07-21,841469.0,9646.0,,
2023-07-22,841469.0,9646.0,,
2023-07-23,841469.0,9646.0,,
2023-07-24,841469.0,9646.0,,
2023-07-25,841469.0,9646.0,,
2023-07-26,841469.0,9646.0,,
2023-07-27,841469.0,9646.0,,
2023-07-28,841469.0,9646.0,,
2023-07-29,841469.0,9646.0,,
2023-07-30,841469.0,9646.0,,
2023-07-31,841469.0,9646.0,,
2023-08-01,841469.0,9646.0,,
2023-08-02,841469.0,9646.0,,
2023-08-03,841469.0,9646.0,,
2023-08-04,841469.0,9646.0,,
2023-08-05,841469.0,9646.0,,
2023-08-06,841469.0,9646.0,,
2023-08-07,841469.0,9646.0,,
2023-08-08,841469.0,9646.0,,
2023-08-09,841469.0,9646.0,,
2023-08-10,841469.0,9646.0,,
2023-08-11,841469.0,9646.0,,
2023-08-12,841469.0,9646.0,,
2023-08-13,841469.0,9646.0,,
2023-08-14,841469.0,9646.0,,
2023-08-15,841469.0,9646.0,,
2023-08-16,841469.0,9646.0,,
2023-08-17,841469.0,9646.0,,
2023-08-18,841469.0,9646.0,,
2023-08-19,841469.0,9646.0,,
2023-08-20,841469.0,9646.0,,
2023-08-21,841469.0,9646.0,,
2023-08-22,841469.0,9646.0,,
2023-08-23,841469.0,9646.0,,
2023-08-24,841469.0,9646.0,,
2023-08-25,841469.0,9646.0,,
2023-08-26,841469.0,9646.0,,
2023-08-27,841469.0,9646.0,,
2023-08-28,841469.0,9646.0,,
2023-08-29,841469.0,9646.0,,
2023-08-30,841469.0,9646.0,,
2023-08-31,841469.0,9646.0,,
2023-09-01,841469.0,9646.0,,
2023-09-02,841469.0,9646.0,,
2023-09-03,841469.0,9646.0,,
2023-09-04,841469.0,9646.0,,
2023-09-05,841469.0,9646.0,,
2023-09-06,841469.0,9646.0,,
2023-09-07,841469.0,9646.0,,
2023-09-08,841469.0,9646.0,,
2023-09-09,841469.0,9646.0,,
2023-09-10,841469.0,9646.0,,
2023-09-11,841469.0,9646.0,,
2023-09-12,841469.0,9646.0,,
2023-09-13,841469.0,9646.0,,
2023-09-14,841469.0,9646.0,,
2023-09-15,841469.0,9646.0,,
2023-09-16,841469.0,9646.0,,
2023-09-17,841469.0,9646.0,,
2023-09-18,841469.0,9646.0,,
2023-09-19,841469.0,9646.0,,
2023-09-20,841469.0,9646.0,,
2023-09-21,841469.0,9646.0,,
2023-09-22,841469.0,9646.0,,
2023-09-23,841469.0,9646.0,,
2023-09-24,841469.0,9646.0,,
2023-09-25,841469.0,9646.0,,
2023-09-26,841469.0,9646.0,,
2023-09-27,841469.0,9646.0,,
2023-09-28,841469.0,9646.0,,
2023-09-29,841469.0,9646.0,,
2023-09-30,841469.0,9646.0,,
2023-10-01,841469.0,9646.0,,
2023-10-02,841469.0,9646.0,,
2023-10-03,841469.0,9646.0,,
2023-10-04,841469.0,9646.0,,
2023-10-05,841469.0,9646.0,,
2023-10-06,841469.0,9646.0,,
2023-10-07,841469.0,9646.0,,
2023-10-08,841469.0,9646.0,,
2023-10-09,841469.0,9646.0,,
2023-10-10,841469.0,9646.0,,
2023-10-11,841469.0,9646.0,,
2023-10-12,841469.0,9646.0,,
2023-10-13,841469.0,9646.0,,
2023-10-14,841469.0,9646.0,,
2023-10-15,841469.0,9646.0,,
2023-10-16,841469.0,9646.0,,
2023-10-17,841469.0,9646.0,,
2023-10-18,841469.0,9646.0,,
2023-10-19,841469.0,9646.0,,
2023-10-20,841469.0,9646.0,,
2023-10-21,841469.0,9646.0,,
2023-10-22,841469.0,9646.0,,
2023-10-23,841469.0,9646.0,,
2023-10-24,841469.0,9646.0,,
2023-10-25,841469.0,9646.0,,
2023-10-26,841469.0,9646.0,,
2023-10-27,841469.0,9646.0,,
2023-10-28,841469.0,9646.0,,
2023-10-29,841469.0,9646.0,,
2023-10-30,841469.0,9646.0,,
2023-10-31,841469.0,9646.0,,
2023-11-01,841469.0,9646.0,,
2023-11-02,841469.0,9646.0,,
2023-11-03,841469.0,9646.0,,
2023-11-04,841469.0,9646.0,,
2023-11-05,841469.0,9646.0,,
2023-11-06,841469.0,9646.0,,
2023-11-07,841469.0,9646.0,,
2023-11-08,841469.0,9646.0,,
2023-11-09,841469.0,9646.0,,
2023-11-10,841469.0,9646.0,,
2023-11-11,841469.0,9646.0,,
2023-11-12,841469.0,9646.0,,
2023-11-13,841469.0,9646.0,,
2023-11-14,841469.0,9646.0,,
2023-11-15,841469.0,9646.0,,
2023-11-16,841469.0,9646.0,,
2023-11-17,841469.0,9646.0,,
2023-11-18,841469.0,9646.0,,
2023-11-19,841469.0,9646.0,,
2023-11-20,841469.0,9646.0,,
2023-11-21,841469.0,9646.0,,
2023-11-22,841469.0,9646.0,,
2023-11-23,841469.0,9646.0,,
2023-11-24,841469.0,9646.0,,
2023-11-25,841469.0,9646.0,,
2023-11-26,841469.0,9646.0,,
2023-11-27,841469.0,9646.0,,
2023-11-28,841469.0,9646.0,,
2023-11-29,841469.0,9646.0,,
2023-11-30,841469.0,9646.0,,
2023-12-01,841469.0,9646.0,,
2023-12-02,841469.0,9646.0,,
2023-12-03,841469.0,9646.0,,
2023-12-04,841469.0,9646.0,,
2023-12-05,841469.0,9646.0,,
2023-12-06,841469.0,9646.0,,
2023-12-07,841469.0,9646.0,,
2023-12-08,841469.0,9646.0,,
2023-12-09,841469.0,9646.0,,
2023-12-10,841469.0,9646.0,,
2023-12-11,841469.0,9646.0,,
2023-12-12,841469.0,9646.0,,
2023-12-13,841469.0,9646.0,,
2023-12-14,841469.0,9646.0,,
2023-12-15,841469.0,9646.0,,
2023-12-16,841469.0,9646.0,,
2023-12-17,841469.0,9646.0,,
2023-12-18,841469.0,9646.0,,
2023-12-19,841469.0,9646.0,,
2023-12-20,841469.0,9646.0,,
2023-12-21,841469.0,9646.0,,
2023-12-22,841469.0,9646.0,,
2023-12-23,841469.0,9646.0,,
2023-12-24,841469.0,9646.0,,
2023-12-25,841469.0,9646.0,,
2023-12-26,841469.0,9646.0,,
2023-12-27,841469.0,9646.0,,
2023-12-28,841469.0,9646.0,,
2023-12-29,841469.0,9646.0,,
2023-12-30,841469.0,9646.0,,
2023-12-31,841469.0,9646.0,,